code,type
OneY-Y4U5-MZV9-T52F,1year
OneY-JRF3-2UEX-SQ4X,1year
OneY-PLKN-U2BY-LWWB,1year
OneY-SW2B-RB6E-YYUP,1year
OneY-QELF-ZDB8-J5C8,1year
OneY-HC2B-5VKD-498U,1year
OneY-9JYE-WZ4A-9T8C,1year
OneY-RAXQ-4HC4-P542,1year
OneY-PKHE-ZDKA-PJTX,1year
OneY-BYWN-XV5E-YHYR,1year
OneY-JCAH-J2EH-67BU,1year
OneY-QNHU-AE6E-G6L2,1year
OneY-7F8E-SZK6-PPPX,1year
OneY-SPSM-TL88-D9UF,1year
OneY-N57P-JUCU-AKDS,1year
OneY-WR9U-RB9K-FPVC,1year
OneY-NTPR-SPKF-74YP,1year
OneY-X4YY-GR6E-49UE,1year
OneY-3QR2-JV8R-2Q3P,1year
OneY-VFD6-EB5N-P98G,1year
OneY-99QL-P8Y8-S63Z,1year
OneY-XCHH-UDHF-SLX6,1year
OneY-MB6E-YQ36-T2FF,1year
OneY-Z7FH-4TV4-PGM4,1year
OneY-X4HD-F8JZ-YSD9,1year
OneY-KSYL-ANEN-RMSV,1year
OneY-RJRS-XKPF-LCFX,1year
OneY-FYGT-83ZV-HAUS,1year
OneY-9EP4-W257-WML4,1year
OneY-34PE-A5X6-G8KZ,1year
OneY-CWWL-FXUW-28QT,1year
OneY-3XD4-JHEN-ZBHL,1year
OneY-GK8N-ARAJ-LZ8F,1year
OneY-R6Z5-YKKA-KEEQ,1year
OneY-8VQC-YTUB-97UX,1year
OneY-5AC4-Z2HJ-NQXJ,1year
OneY-YAKR-TYAK-7ABY,1year
OneY-PM58-DEAQ-JCTN,1year
OneY-47G3-EQDS-NFDA,1year
OneY-5J9C-UMBQ-FPPP,1year
OneY-RVKS-ZYCA-Y6FE,1year
OneY-MWEY-2CU3-28UN,1year
OneY-SNYF-QFUL-5BR5,1year
OneY-5RL7-A7ZJ-PTW6,1year
OneY-A49Z-3BNH-4ANV,1year
OneY-VCXL-8LD7-E348,1year
OneY-GACG-ZFLN-SAPG,1year
OneY-J3AA-YRSA-V8RX,1year
OneY-Z2WY-MVKB-DMPU,1year
OneY-96RY-K82Y-KDPH,1year
OneY-Z4BR-U683-VEXY,1year
OneY-LMKN-XW7Q-4P8L,1year
OneY-G7VX-8A4Z-SP5K,1year
OneY-TJ5U-F6R8-V24G,1year
OneY-GPXA-KZJW-S8LW,1year
OneY-XM9Q-8QC6-DGKJ,1year
OneY-7REJ-JWRE-VNGU,1year
OneY-V6MC-DVBZ-RN8R,1year
OneY-ZYL9-DPE6-P2L2,1year
OneY-BWM6-CBK7-BFSX,1year
OneY-QRSD-XZNW-6QPY,1year
OneY-H565-QCMD-ZX58,1year
OneY-7YN4-9FYH-84Y9,1year
OneY-2KYD-W6FG-D2EV,1year
OneY-P63L-ZNVJ-V29L,1year
OneY-EVJA-J3EH-X3HE,1year
OneY-HSDY-35X3-SBNH,1year
OneY-H5H8-B4EZ-C8TM,1year
OneY-U7K2-FYSK-ACVR,1year
OneY-VEBL-E873-DXWL,1year
OneY-RK7D-CLMF-3R8L,1year
OneY-RY24-UYNG-PGZ8,1year
OneY-PM3Q-AXE8-C8F7,1year
OneY-ZLYX-7KKW-PF9U,1year
OneY-54F7-RAG8-F98F,1year
OneY-L455-9DHT-TFUX,1year
OneY-UM4T-2WWP-S5JK,1year
OneY-57VF-UJ83-P3JP,1year
OneY-GZTG-WX7G-W4XS,1year
OneY-QEXA-AHU6-VRE7,1year
OneY-WD56-SGYY-ZS63,1year
OneY-4ZNY-V3SB-6YP3,1year
OneY-8WNR-HKUC-P84K,1year
OneY-6TSU-66T8-WBEJ,1year
OneY-H4CL-TCR3-3QVF,1year
OneY-UCBS-GNMR-M66Q,1year
OneY-BLLK-A3Q6-452B,1year
OneY-A9JW-KGPE-A6MM,1year
OneY-42CD-E5CQ-A2R4,1year
OneY-XWCX-4VZX-2DG4,1year
OneY-A9K4-G46E-V87E,1year
OneY-6JAV-KCY7-3AVW,1year
OneY-SW8B-SV2D-J6RU,1year
OneY-SZR2-WPSR-WVRT,1year
OneY-WRPC-MQ2P-3NC5,1year
OneY-5FZV-NZYH-WJ3C,1year
OneY-95XC-LMQF-ZPRS,1year
OneY-YR8M-7FKP-MXC4,1year
OneY-W5TX-BPPX-YXYT,1year
OneY-R4BP-AKWF-SVRR,1year
OneY-N3YP-DZKK-5JW9,1year
OneY-DN8P-2GPZ-G5WA,1year
OneY-UKWL-DDL4-XXA3,1year
OneY-V92Q-T47T-6CFP,1year
OneY-Y2LB-EX3R-PL8K,1year
OneY-EXCZ-HW4Q-FJ8N,1year
OneY-52C6-H8YY-27GT,1year
OneY-PE5D-3QPG-5KZA,1year
OneY-4KEQ-NKD9-M4XH,1year
OneY-J5VD-FPJH-RCGK,1year
OneY-4XCF-72SR-CTGF,1year
OneY-7DUG-JEMG-W4BK,1year
OneY-NNHW-XZBZ-AVHT,1year
OneY-A8HM-MNJ9-8LNX,1year
OneY-VANN-5KG2-7YQK,1year
OneY-5FBB-EBZY-EKHG,1year
OneY-BHDM-D92R-K2L6,1year
OneY-74FZ-JXGU-CM7U,1year
OneY-BUVU-S49S-QQGG,1year
OneY-4UNS-S4AY-NE6S,1year
OneY-UE24-UJ97-Z7PA,1year
OneY-QZRQ-7KK9-4D5M,1year
OneY-A9JY-5FSY-J7FR,1year
OneY-VX9Z-HQD5-UPE6,1year
OneY-FJ8L-U4ZY-VC73,1year
OneY-LK3N-43KQ-8JQK,1year
OneY-4KV9-ZEUM-WR3E,1year
OneY-2GLB-UFZC-4YJU,1year
OneY-AKJ8-MKLH-HHZW,1year
OneY-B865-AJQQ-63A3,1year
OneY-4TGG-4AH5-58G8,1year
OneY-R2JR-NJVP-PM2E,1year
OneY-DWCW-YB9K-57JL,1year
OneY-H2EA-3AS8-BL7L,1year
OneY-GUTW-K879-P3NA,1year
OneY-4LWJ-CCVB-MA3P,1year
OneY-RSB8-65KP-FD65,1year
OneY-GU42-YERR-24JT,1year
OneY-S9U8-QWJE-97HP,1year
OneY-TVGP-2SSX-4BQ5,1year
OneY-3M9G-3C78-XR2V,1year
OneY-XWW9-RX3E-G2CD,1year
OneY-DBCM-MEMU-TSEN,1year
OneY-FUGF-ZJS2-63D4,1year
OneY-L57T-XDXT-PWDJ,1year
OneY-YQWT-EB9L-ARJN,1year
OneY-SHWZ-BUWT-HVTX,1year
OneY-NBGA-6MQR-FBDD,1year
OneY-RM3S-PG24-7DUA,1year
OneY-K9XX-8YSU-YC74,1year
OneY-PF57-ZTZZ-E9QQ,1year
OneY-GC6G-WXKW-4WGU,1year
OneY-KUS8-8EFR-2SVA,1year
OneY-VLZE-NA55-S6K9,1year
OneY-X5JR-CHGQ-AK8G,1year
OneY-3R7T-CSAQ-58S7,1year
OneY-CA3Q-CPFA-F85X,1year
OneY-8LMX-DL3P-639J,1year
OneY-F6QH-4M4H-53HM,1year
OneY-MXCA-M9YV-S2DY,1year
OneY-AED8-NQLN-7HZE,1year
OneY-79G6-NL7X-75WM,1year
OneY-U6BX-GEF9-KVWH,1year
OneY-YRD9-KJFF-55UR,1year
OneY-96AT-5AJP-92TJ,1year
OneY-DBN3-JTFZ-WMQM,1year
OneY-A759-GEMT-XTXT,1year
OneY-58N7-7SVZ-6E5D,1year
OneY-NZQ4-G46E-VD28,1year
OneY-2X2S-6QJW-ELY6,1year
OneY-QBP3-YAD6-42Z5,1year
OneY-3YKJ-Z25A-TDW2,1year
OneY-W8LP-JGWK-L9HG,1year
OneY-5KZD-43ML-TAJD,1year
OneY-JBYL-5P2Y-EEHN,1year
OneY-C87C-CQ8A-94RF,1year
OneY-DPFC-QCJ5-Y5TX,1year
OneY-M2WQ-QKSR-ACG7,1year
OneY-JM55-JHAP-DDPJ,1year
OneY-ZCJN-ZLYR-EKR5,1year
OneY-KCD9-TUHX-5GDU,1year
OneY-J7WR-NHCS-VYSN,1year
OneY-6Q8E-WVEK-PCL8,1year
OneY-P63Q-FYRA-CR8Q,1year
OneY-X9VQ-KFAS-UHCZ,1year
OneY-HRU6-GZGW-HMCU,1year
OneY-MQ2J-LFSJ-ZE3G,1year
OneY-GDP5-5A2C-RMT3,1year
OneY-N49Z-UWF7-WFGS,1year
OneY-G3HF-8YFS-79FB,1year
OneY-Z3VM-6CJ2-HJY9,1year
OneY-XST9-S7YG-BKCD,1year
OneY-F7T7-5EP6-QNZH,1year
OneY-HMA7-BRCH-V6NB,1year
OneY-J5ZB-LMMR-UFXG,1year
OneY-XX6M-N8DL-FQLS,1year
OneY-QX2K-9JH7-JRKR,1year
OneY-EFWL-35QA-KHVW,1year
OneY-H96H-UG8H-B3S9,1year
OneY-6KAJ-NGT2-WZWF,1year
OneY-GE3Z-AAPR-DKFS,1year
OneY-QZAG-PTZ2-X64H,1year
OneY-CF6N-HN7H-4ZXN,1year
OneY-27W7-JGU8-UQHT,1year
OneY-LX3A-NBDW-V55G,1year
OneY-KWBH-MJWH-9M89,1year
OneY-NCVH-44LN-55TK,1year
OneY-KT3R-YEZC-83M3,1year
OneY-A7PA-8E5X-SJAR,1year
OneY-HY66-F3CA-DKZU,1year
OneY-UR9B-5622-4VAB,1year
OneY-5R8G-WCTB-QKCD,1year
OneY-8VUT-GHYT-LN2V,1year
OneY-WJ75-CAHR-3UFJ,1year
OneY-UTMG-KGV6-F4RS,1year
OneY-RZVL-EQ3U-BNUP,1year
OneY-5A7B-PYGN-38LB,1year
OneY-7GBT-GUWL-R5Y6,1year
OneY-RU58-VUSS-2PGP,1year
OneY-WVU6-M4XL-37A9,1year
OneY-KZ7Y-TWSD-JNGP,1year
OneY-UX79-J72B-V3PH,1year
OneY-2H2J-MYJS-XJGP,1year
OneY-SULR-PLXK-3R32,1year
OneY-CY73-6MTK-TA9B,1year
OneY-RLUQ-K9M4-VUMQ,1year
OneY-M882-9ZPB-4LDR,1year
OneY-9M5X-YR7M-8RPA,1year
OneY-3Z6R-NQXF-4S6Z,1year
OneY-3RLK-STHY-8FJ7,1year
OneY-8ERT-PFRQ-TTQ7,1year
OneY-89RE-LNX2-BMAU,1year
OneY-J84S-TGEB-R9ZV,1year
OneY-R9SM-786G-2YEV,1year
OneY-XH2H-84T8-TJFL,1year
OneY-8Z6X-XCG4-ZDBF,1year
OneY-2M9S-YW3L-QKD4,1year
OneY-RLSV-BUG9-MYZV,1year
OneY-HGN7-H7VH-62X3,1year
OneY-VPK5-BZV4-9J46,1year
OneY-F9JL-GBMQ-N8E3,1year
OneY-CGEP-VH3V-TXTD,1year
OneY-NANZ-C7ZG-8ZCS,1year
OneY-ENTJ-MWMC-MBEB,1year
OneY-PTR4-TWXB-PZJ5,1year
OneY-TJXX-Y265-TR7Z,1year
OneY-8QLE-GKNA-NWNS,1year
OneY-NYMY-SBH3-ZA34,1year
OneY-PF6Q-TPR3-Q2FP,1year
OneY-XCZF-WVEK-6JVV,1year
OneY-HG3Y-D97U-HZKV,1year
OneY-DAHH-SD2Y-EXQN,1year
OneY-8KYZ-J57A-CMDM,1year
OneY-G3ZA-YH2Q-CKF4,1year
OneY-WG9E-F4A8-N4DQ,1year
OneY-CRV5-XBDY-BGFJ,1year
OneY-TRD7-6HZ8-KHGY,1year
OneY-RSL5-LS5T-GFGV,1year
OneY-K3CH-LF6H-GRYB,1year
OneY-2WT2-SK8M-PUFJ,1year
OneY-VXZC-YBSS-FSBU,1year
OneY-UZ8D-GEUD-JH5C,1year
OneY-WWHP-RT2L-7GBE,1year
OneY-MXCL-CBUS-W7FT,1year
OneY-7TBK-ADDK-BXBD,1year
OneY-VP4P-YQAA-4V53,1year
OneY-H7HU-X5MP-8ABH,1year
OneY-VQNW-HPK9-939G,1year
OneY-7XF5-FMW5-SA85,1year
OneY-4GST-A6DT-XM2J,1year
OneY-Q5JD-E6RN-BWKJ,1year
OneY-M9CH-NUW6-TTTP,1year
OneY-B459-2FGZ-5K3D,1year
OneY-DK9S-GL63-VW4Q,1year
OneY-YCBH-BMQA-7NP2,1year
OneY-MYZF-KJQJ-ZDM6,1year
OneY-MVT7-M2EE-ZHUX,1year
OneY-CAF4-M84H-YXKX,1year
OneY-WJ7Z-UW8P-RYTU,1year
OneY-VBP6-NL3S-24L3,1year
OneY-USBN-VDFR-EEJ9,1year
OneY-NBJP-EH35-JRYU,1year
OneY-DND8-TU6G-65QF,1year
OneY-PH4D-4K9L-ERKP,1year
OneY-BX8T-K8H2-Q6RE,1year
OneY-C947-9RCU-A3YF,1year
OneY-WDCP-JEJW-ZNMK,1year
OneY-WU8U-CDH5-NRHF,1year
OneY-J8E5-J5JY-ECCU,1year
OneY-FFAW-JNX8-W6K9,1year
OneY-AKUM-J35A-5EQB,1year
OneY-297Y-UXEQ-X37A,1year
OneY-UL8Q-EM52-4PL4,1year
OneY-VDZC-J5P5-PNCK,1year
OneY-WHVF-WPRT-4B87,1year
OneY-UWA6-9NHY-RTNU,1year
OneY-DSNL-SZG2-UK78,1year
OneY-U34J-HCHZ-6FAR,1year
OneY-W6YS-9CKA-PECM,1year
OneY-96BA-JEPH-UPQ8,1year
OneY-MJDQ-ELYJ-A479,1year
OneY-HM66-Z7DG-DWR7,1year
OneY-RYYQ-WELN-63FR,1year
OneY-25P6-9G24-7VJ7,1year
OneY-L4W9-E26X-NDVU,1year
OneY-LXQQ-PXXV-XXHD,1year
OneY-PA7A-BQDH-DL78,1year
OneY-TQ5K-J2WJ-UFWZ,1year
OneY-9F8K-9DGK-5EER,1year
OneY-XPHE-3JC9-PBTB,1year
OneY-2RZT-BSGR-6U4P,1year
OneY-WC6J-3ZKP-2ZAM,1year
OneY-KAGA-UJTM-EGPL,1year
OneY-AJ68-FPJA-RMN6,1year
OneY-U43J-R24X-9H22,1year
OneY-WX49-TQNK-25KV,1year
OneY-EVXF-9V6B-JWP3,1year
OneY-ZYXG-DU9J-UE58,1year
OneY-8TP2-NAV8-PWC9,1year
OneY-QEFZ-CMNQ-5N7W,1year
OneY-PUY8-PKCW-U3KB,1year
OneY-DBTY-KWCH-2A35,1year
OneY-GYD6-EAAK-DNKU,1year
OneY-CG7Z-PMHN-Y9QE,1year
OneY-A6GL-N39S-EXCE,1year
OneY-7QGP-NEXQ-K853,1year
OneY-9S29-YATA-ZYF9,1year
OneY-HPSH-9L9G-USK4,1year
OneY-CZ5K-JS8Q-P7FK,1year
OneY-VUCF-DG97-5YZK,1year
OneY-E5J6-NXMU-2M4R,1year
OneY-L63D-RVCV-JTRW,1year
OneY-8PGQ-TDTW-CT5D,1year
OneY-QHUH-9H8G-QRBM,1year
OneY-6W5V-54XA-EAEX,1year
OneY-VACF-V9F2-VEAZ,1year
OneY-VWCM-HQST-NNCM,1year
OneY-RAGA-HQJ7-MDDC,1year
OneY-VCS4-FTFE-E2LF,1year
OneY-XDYL-C2TY-RB2P,1year
OneY-QVM5-7AQZ-9ALY,1year
OneY-R28B-5QGC-WVV9,1year
OneY-T97Z-5NRC-LJY2,1year
OneY-CCEU-V5JL-6TAZ,1year
OneY-955T-PD76-32GA,1year
OneY-PNT6-G8AV-LEP2,1year
OneY-9MA8-DJPA-6RED,1year
OneY-RM69-RUS7-V5CP,1year
OneY-7TRV-3ZG4-5ENB,1year
OneY-5UY6-MMJS-PDKM,1year
OneY-B5TZ-VXKS-ZLN5,1year
OneY-EVPN-7TN6-DY4R,1year
OneY-WGCF-5XR9-3ZAW,1year
OneY-MK6T-P8ZS-SLVV,1year
OneY-7LHH-2VCU-FAL6,1year
OneY-YCC3-7V5X-R6X4,1year
OneY-NAEC-ZJKA-FLNE,1year
OneY-CUMF-JNFC-ZDHT,1year
OneY-L8GZ-BMQJ-7WPR,1year
OneY-2JUH-9679-YG5Z,1year
OneY-XELL-SBLG-5DZR,1year
OneY-V4KG-7WSV-FE2A,1year
OneY-XAJC-QUBY-HA2H,1year
OneY-JQT5-FMRU-V6MY,1year
OneY-N3JC-39P6-N6AY,1year
OneY-ZZGE-MU55-DC2T,1year
OneY-GWH4-WEY2-MDSB,1year
OneY-NGE4-2KTX-ZU2X,1year
OneY-2C66-SGA2-UMPD,1year
OneY-D2ZL-DZCX-FGRR,1year
OneY-TZ82-6KBX-QLGJ,1year
OneY-3WSX-AUTT-YLUU,1year
OneY-4DPK-8CU8-YLJW,1year
OneY-HP33-9KR5-DKR6,1year
OneY-39VG-PC64-J7GV,1year
OneY-FZH8-HHJH-WN8H,1year
OneY-6T7C-PMEL-RU9Q,1year
OneY-WXRY-5XTF-3QDG,1year
OneY-3E4D-56TP-EKDU,1year
OneY-MPLB-F6BT-KKKJ,1year
OneY-2Z4H-DRDP-WR4Q,1year
OneY-CPFV-SH6S-C29Y,1year
OneY-SB65-Z3B3-HBWC,1year
OneY-K4Z5-C2MJ-6Y2S,1year
OneY-CWAV-PFFN-L6TX,1year
OneY-P8LC-NZVH-3974,1year
OneY-G48S-97CT-FV5R,1year
OneY-PJV4-4TK2-5Q42,1year
OneY-G8AU-MTUP-AWSY,1year
OneY-69BU-2QM3-7WRN,1year
OneY-D6T9-4CLB-RSCN,1year
OneY-SWGP-VSC6-9KPX,1year
OneY-NGLF-VWCU-6NZG,1year
OneY-X99Q-ZH5T-FAP3,1year
OneY-P6KA-GXDJ-A9YS,1year
OneY-7523-QYJG-EVW5,1year
OneY-VCVU-VYM9-JV7M,1year
OneY-7GJT-JB4T-85KJ,1year
OneY-ZE2C-EN83-7JPE,1year
OneY-LDK3-3UW6-9PT3,1year
OneY-A5D2-JC2U-AAV3,1year
OneY-ZQH7-5SU3-W9LS,1year
OneY-Y59W-7E4B-QGBS,1year
OneY-4SY9-L9KL-KFDN,1year
OneY-TH5W-PZ5P-UMG8,1year
OneY-44C5-ZL8Q-B6T4,1year
OneY-HZMU-K4UX-4UFN,1year
OneY-FSNT-YJKX-XLGD,1year
OneY-TGCZ-A2UF-MQTY,1year
OneY-5DWC-2MD7-K3AB,1year
OneY-PRPN-UJC3-SU9K,1year
OneY-ZAPY-MAP5-WVKV,1year
OneY-BZYT-4JSV-MGZE,1year
OneY-52CZ-2589-6CFR,1year
OneY-4273-B4HT-HKNT,1year
OneY-TNVV-MBR7-4GW3,1year
OneY-TVN5-G47V-7GEB,1year
OneY-EZTS-DNLU-37NN,1year
OneY-YJAJ-EPYC-R27Y,1year
OneY-9LRG-H6G8-Z4BH,1year
OneY-FCXV-R2ZY-C4LN,1year
OneY-2HYY-WRQE-YQG9,1year
OneY-YLUH-JUVQ-SL8J,1year
OneY-PZMK-XFHD-T2EK,1year
OneY-GX62-KSZK-D4QP,1year
OneY-Q8BR-KJNC-SUZE,1year
OneY-8QGD-MSJ4-JPMZ,1year
OneY-LMJD-TMEU-S8V3,1year
OneY-E8TH-KK67-PQJ8,1year
OneY-NSUE-7Y8Y-Q3M2,1year
OneY-KAEC-NZNA-AFFL,1year
OneY-W7CS-TPY4-XQ7N,1year
OneY-HV3D-27RM-DNDA,1year
OneY-9WGU-6HKJ-W779,1year
OneY-9X5V-SLCH-UYT9,1year
OneY-H2MB-5AP5-ZW5S,1year
OneY-BZS6-9G2Y-HTC4,1year
OneY-QYRT-PTAQ-LEV5,1year
OneY-DKD5-LS7V-A7QT,1year
OneY-A6CZ-HHWZ-WJJK,1year
OneY-GU6G-LL42-ZPPF,1year
OneY-MD5S-QLYY-JMVG,1year
OneY-475A-X2W8-C23W,1year
OneY-D84W-LZMQ-6CW4,1year
OneY-9ARN-N93L-S5NK,1year
OneY-K7G5-QHJQ-SBW2,1year
OneY-GA4S-KL96-BJST,1year
OneY-H2B9-SV27-Z9NZ,1year
OneY-72HG-BYU3-NGE9,1year
OneY-TY5X-CRVH-NG2W,1year
OneY-3256-6RJ2-XSF7,1year
OneY-FJ79-W6XK-3XM5,1year
OneY-XGF8-6BRV-WTXR,1year
OneY-3MP3-EZDY-KAY6,1year
OneY-E6PA-EQCW-MQ6T,1year
OneY-FQH5-5PAP-4LYU,1year
OneY-L3CD-GHDY-QV3G,1year
OneY-CABJ-96ZQ-JRGM,1year
OneY-APZ7-83KZ-95NU,1year
OneY-YW3L-2N3U-E99F,1year
OneY-7ZN3-6MCX-TBB9,1year
OneY-5PWY-NWWJ-ABMF,1year
OneY-VEVN-U4EH-LSJP,1year
OneY-XJS8-AXN9-MGH7,1year
OneY-HPB3-NBND-YS6Z,1year
OneY-FTEP-YWTL-TFKD,1year
OneY-UNR9-FH7L-Q2PL,1year
OneY-TU5X-TW27-KP5P,1year
OneY-W8QX-JXHJ-QHZW,1year
OneY-VTZG-XVBC-54QX,1year
OneY-9YAH-G6YY-PMPX,1year
OneY-M72Y-FMDV-4JPQ,1year
OneY-XVN5-SVEJ-VC62,1year
OneY-28TL-Z8WY-KNSA,1year
OneY-FUZX-RRCC-9TU4,1year
OneY-JHZE-4HQP-5A3D,1year
OneY-6AQM-8L57-FJZ6,1year
OneY-BFZW-UDJC-3GPH,1year
OneY-AU6T-P6PY-G3NU,1year
OneY-FHZ6-ACHD-66J9,1year
OneY-DEG6-FGZZ-QZ33,1year
OneY-FVEJ-8BX7-2597,1year
OneY-QU58-FCVN-SXX5,1year
OneY-T8B2-GJ7V-BTM4,1year
OneY-PU4J-MHUC-4MWS,1year
OneY-4LAZ-3F4C-EF4P,1year
OneY-S38Q-RA9Z-88HC,1year
OneY-FZLC-NCFH-3HD3,1year
OneY-K99H-36C7-HXJE,1year
OneY-R7ZT-DRX8-UZ6N,1year
OneY-XV3X-MRBU-SDD2,1year
OneY-XE7F-7NSN-AENQ,1year
OneY-BYQN-JBW5-VM6R,1year
OneY-2M3J-SEHR-RHD8,1year
OneY-WJYJ-3CCG-V563,1year
OneY-9K2E-ATVZ-NHAE,1year
OneY-QW2Q-VEDJ-R25Z,1year
OneY-UZ33-XCE5-HQTW,1year
OneY-STYG-BYB8-D2VV,1year
OneY-RT7H-3W9G-A88A,1year
OneM-3HD7-JNAX-W2HJ,1month
OneM-CQLG-K3KV-YGPW,1month
OneM-P3SM-FLXU-WP3P,1month
OneM-CJLH-5SUN-K96N,1month
OneM-CWVF-TXKN-P4EE,1month
OneM-GFM3-3WLT-HAQ5,1month
OneM-2ZX3-F756-5QUA,1month
OneM-PSN4-24W3-B24X,1month
OneM-DDQA-9JKK-WZCH,1month
OneM-QX5G-LBPG-74BK,1month
OneM-FAC6-V2A3-HTJD,1month
OneM-AJPM-UUL5-BAEU,1month
OneM-Y9FB-8H4X-SNLT,1month
OneM-PZ7X-AMZN-YWS6,1month
OneM-C846-EZ3B-79AH,1month
OneM-CAGR-RB96-V9V9,1month
OneM-U7TU-6W2U-4EEY,1month
OneM-KBQV-5K3L-DQ2C,1month
OneM-FFJB-8CY6-32QY,1month
OneM-JEBV-755E-4A69,1month
OneM-EALE-7WA7-AKEZ,1month
OneM-E5FL-TK28-A9VH,1month
OneM-YKJ7-GQHD-AHS5,1month
OneM-ZJJC-H4Z5-8LT6,1month
OneM-GBKC-U73W-NNM3,1month
OneM-SZPC-W4T5-EDRG,1month
OneM-MPPS-SFLD-MZNX,1month
OneM-EQMW-FPEZ-2NNV,1month
OneM-GZKE-EBAG-CBQH,1month
OneM-HMG7-MC39-DLWW,1month
OneM-YWWC-QN2F-UYA6,1month
OneM-YYS8-KRJ9-K9HG,1month
OneM-W89D-FNAT-AQVX,1month
OneM-2X4B-L4EU-NHHX,1month
OneM-NDT3-SJV7-8MG4,1month
OneM-UAUU-SZAQ-DELK,1month
OneM-HFSC-T4CF-XU4R,1month
OneM-CSCG-G4CN-6F98,1month
OneM-LAWB-8VC6-NCVJ,1month
OneM-VLA3-LKCE-TSHF,1month
OneM-EN6B-KY8Y-Z4HA,1month
OneM-L7VK-A5SC-ZGY4,1month
OneM-E62Q-BDY4-WD5Q,1month
OneM-99RS-AHHU-YSGJ,1month
OneM-LLN4-AZRC-73Q8,1month
OneM-LXTW-BYMX-UHGE,1month
OneM-TVDJ-R4XJ-JKTG,1month
OneM-LS7F-P4G4-CFAS,1month
OneM-GQSF-9HDH-GSK6,1month
OneM-QLL6-KYY4-4V2T,1month
OneM-EYFQ-6NEF-MKBK,1month
OneM-FG2G-UCH7-EBH8,1month
OneM-N7SQ-Y7CD-7ZVQ,1month
OneM-LXYM-P2PQ-BJYX,1month
OneM-6B2F-4KPB-G4L7,1month
OneM-AYUJ-F52E-7T99,1month
OneM-KPAS-UVY7-ZSJV,1month
OneM-R777-HR3V-HKGJ,1month
OneM-GFQH-Z95E-SKV8,1month
OneM-ZUVS-A64F-QHW6,1month
OneM-9SQE-AHHK-7AAT,1month
OneM-CLB2-XHVZ-9V5N,1month
OneM-FTHU-CXCU-MCSL,1month
OneM-U8FR-5PPK-95UU,1month
OneM-PNK3-GNGY-LNZY,1month
OneM-BFEY-BYND-3GZF,1month
OneM-KQHF-UCCP-N3X7,1month
OneM-CT37-5R2X-C8HE,1month
OneM-R9EX-77JV-LGBM,1month
OneM-V2D3-V86W-KCVJ,1month
OneM-S742-DJKH-GSZY,1month
OneM-3LBH-H3ZU-Q5DT,1month
OneM-FTV5-YFPM-ZNZA,1month
OneM-XEP7-EGZZ-RQ89,1month
OneM-RNED-3KWM-T4YN,1month
OneM-82BL-S3CN-27CC,1month
OneM-TGWJ-BKKE-VBAE,1month
OneM-CAYJ-MY7X-94PY,1month
OneM-8JXZ-6CSG-K6MJ,1month
OneM-K6CM-MCWP-HBMY,1month
OneM-T7FN-KV3G-N6TF,1month
OneM-PKAH-JM43-TMUZ,1month
OneM-U494-VQVZ-UVLA,1month
OneM-ATGQ-C5XX-WSS8,1month
OneM-HTJJ-YCF7-2S9P,1month
OneM-KAVQ-KTQN-J6XZ,1month
OneM-6UME-TQXF-937S,1month
OneM-R4F6-AL8D-GKR3,1month
OneM-8FJD-ANRX-6GV5,1month
OneM-V7PJ-XG4R-NNGX,1month
OneM-FPAR-RX2P-KUA7,1month
OneM-JGZE-AXN6-GU47,1month
OneM-FKLD-QGGZ-SSVC,1month
OneM-B2K9-U2SH-6W6B,1month
OneM-BBMT-ETY8-YNFA,1month
OneM-JKM3-ENCJ-C8AL,1month
OneM-5TMR-4TJY-FL82,1month
OneM-KUWZ-8XLF-TUAJ,1month
OneM-E8Z2-46TD-ZYEQ,1month
OneM-37AC-H3L9-XVKU,1month
OneM-UZMD-R72V-UDSW,1month
OneM-RCRY-K9LD-EQNJ,1month
OneM-YLSF-U4R9-P6RM,1month
OneM-LKK9-547A-9462,1month
OneM-N7HM-KWYG-KNTV,1month
OneM-QPJQ-JKKE-VSSJ,1month
OneM-DQJR-KEM5-9PF8,1month
OneM-TNNX-56BC-7GJD,1month
OneM-MV8Z-5Q79-NGAA,1month
OneM-VBJ3-XS4A-8UXY,1month
OneM-GE2L-2LPP-ZCBM,1month
OneM-RADP-MHA6-ES9X,1month
OneM-UWTW-4UVA-F7NZ,1month
OneM-DBUH-35HU-6KCQ,1month
OneM-6H8M-AQHK-J6AU,1month
OneM-J8W2-R34B-9G4R,1month
OneM-8N5H-7MAR-BT8T,1month
OneM-2KKB-VKG8-U97Q,1month
OneM-JAQH-GKEV-KNRW,1month
OneM-E243-5WGQ-LGAZ,1month
OneM-2K2M-PDEJ-7LX5,1month
OneM-KR3E-FN23-F54E,1month
OneM-E5DJ-KN5J-5LZE,1month
OneM-VGYY-TP8M-E27C,1month
OneM-4MWR-WW63-HBLG,1month
OneM-EC2Y-CTYK-CQR2,1month
OneM-KBZP-AM6U-J4WJ,1month
OneM-YMMQ-5MRR-73TQ,1month
OneM-ZATQ-K4GD-2TSA,1month
OneM-XPZ5-HSK4-GHFQ,1month
OneM-V35D-U5PF-NZWQ,1month
OneM-3B4L-L4F4-5L8F,1month
OneM-MD6D-JEQT-R8FX,1month
OneM-8J78-6CRG-72YA,1month
OneM-QXJT-VQEW-8DZC,1month
OneM-44MJ-6E9S-G8YD,1month
OneM-Y2CK-WHQA-78GE,1month
OneM-XR8C-4PET-77Z2,1month
OneM-R6W4-HQ6A-PMPP,1month
OneM-UGYQ-9L8U-53S5,1month
OneM-4P9W-6MMH-ZTC3,1month
OneM-4YXB-AUNX-RV3Q,1month
OneM-H8QB-N4PQ-MDRY,1month
OneM-9PZ6-PJUG-DCSE,1month
OneM-KRC6-AN65-XAC3,1month
OneM-9U52-F5LP-CRJT,1month
OneM-BF5W-C67K-Q8KR,1month
OneM-PQ55-ULW7-BPHL,1month
OneM-RW5N-6AG9-32UT,1month
OneM-78UN-598F-RY4H,1month
OneM-8Y9N-3CXJ-YHY3,1month
OneM-SFAP-KHKX-PEUY,1month
OneM-HDV8-B5JW-R3U9,1month
OneM-AVGE-DBPP-BS45,1month
OneM-YZ9W-UBEY-BUKM,1month
OneM-T7XJ-9ZGC-67GK,1month
OneM-BDFL-T8FM-YKUG,1month
OneM-E84M-8X2E-4VR5,1month
OneM-5JCF-ZV8A-GL76,1month
OneM-CS2X-H5QW-FZN5,1month
OneM-6A4S-PJLF-AP6M,1month
OneM-Z8EJ-SCW3-C8Y6,1month
OneM-Q8E5-XKT7-GMX7,1month
OneM-F8US-2W84-HBKD,1month
OneM-QRL5-XAP2-2SY2,1month
OneM-UPTL-EQ3H-MKF4,1month
OneM-Y4TK-DU42-MSHF,1month
OneM-YL2J-576C-ZSWW,1month
OneM-6EE2-C392-FZLK,1month
OneM-62BK-AKPS-KL8M,1month
OneM-P2ZS-VBDL-L39N,1month
OneM-P7S7-ZN38-AYWL,1month
OneM-EKGX-TVAT-9REZ,1month
OneM-TYUA-SS3Y-CVVC,1month
OneM-JZX9-MJ4B-3WLA,1month
OneM-ZLTQ-FXZ6-UT8C,1month
OneM-GJWP-73T7-4V6Q,1month
OneM-GRZ2-MVDW-EENP,1month
OneM-2EAK-XEMF-J2J4,1month
OneM-JNEW-9NAC-JSKD,1month
OneM-L2RY-EXRN-M2ZM,1month
OneM-6JZ7-BYU9-UVFT,1month
OneM-BM4F-EYRV-X6QV,1month
OneM-8EB9-Z3GD-K4SD,1month
OneM-WHN6-FBNR-HLHT,1month
OneM-EAM5-NQ8X-PLW4,1month
OneM-88K5-BYQL-FESE,1month
OneM-CMMF-B38U-2KBJ,1month
OneM-622H-NW69-8VBK,1month
OneM-J963-Z5L9-W8LN,1month
OneM-DEB9-AXXK-TV7X,1month
OneM-QGFF-CY8M-4W26,1month
OneM-ZKBQ-2RAK-C3JP,1month
OneM-4M23-PY9Q-TT9J,1month
OneM-R4Z3-TFLP-8ATA,1month
OneM-GC7H-HWBB-VDUK,1month
OneM-MVNG-U5GT-EC9H,1month
OneM-NKZA-2FQR-JDR5,1month
OneM-3VF7-CCDR-S54Q,1month
OneM-KHA7-MD9C-SKLW,1month
OneM-TZUW-ELXB-8MWC,1month
OneM-F9R2-84GN-NDBV,1month
OneM-G87C-872W-C9GV,1month
OneM-QEHW-758L-4FKQ,1month
OneM-57Y6-LGN6-CUYY,1month
OneM-EE5N-29XF-F2EW,1month
OneM-PF2H-H3AR-26JX,1month
OneM-VMZL-U5LW-9QN3,1month
OneM-K33A-7CFY-P9H3,1month
OneM-76AL-UDXA-6GJ9,1month
OneM-UTHL-B723-CXLZ,1month
OneM-DBUV-H36E-6F9Q,1month
OneM-3LM2-SZV5-GPMB,1month
OneM-MWKP-UEHN-PL4E,1month
OneM-BS6G-KCHR-ZHQ7,1month
OneM-Z7FC-X6XR-KUG9,1month
OneM-9KKD-YZLU-2G4T,1month
OneM-VPYH-L5UL-W3NF,1month
OneM-AK78-WFZ6-WZ7L,1month
OneM-G3GL-UE73-MKUW,1month
OneM-RSJ6-XRUF-ZR9F,1month
OneM-EU48-QV8M-PMXN,1month
OneM-LRMG-J4LJ-FUDL,1month
OneM-EJ5Z-GV8Z-HXQY,1month
OneM-KQPA-KZVZ-TMGH,1month
OneM-E5GM-MVHN-ML6H,1month
OneM-UPLU-PLKR-VJS6,1month
OneM-NUBC-J2DD-QRCB,1month
OneM-QRWY-R2QU-M9JC,1month
OneM-WQNS-BBC2-3DA5,1month
OneM-K6UD-CQAH-2TM6,1month
OneM-AVTB-F83V-LC97,1month
OneM-GHAR-FDRV-DF4A,1month
OneM-LGA6-4RS4-7Y9E,1month
OneM-TYYG-CUP3-B76B,1month
OneM-HD52-JM9Y-X39U,1month
OneM-HYEL-UE2R-EG6P,1month
OneM-B99A-SFN5-QEHV,1month
OneM-4TBP-TXAQ-8L33,1month
OneM-D3JZ-HWYX-EGER,1month
OneM-X2QG-HPCH-G4JE,1month
OneM-U8UU-AD5R-99NR,1month
OneM-7PF7-NM7H-KFV6,1month
OneM-7Z4D-AVL9-PNEL,1month
OneM-26GN-NJWE-MA8D,1month
OneM-49GD-RTSC-VQ4J,1month
OneM-VJ2H-4HJB-JLRX,1month
OneM-6CPQ-BA3W-EBMX,1month
OneM-452V-G8YS-FPMX,1month
OneM-Z8BY-7LVQ-L8CW,1month
OneM-KJ9Q-TXYR-X2C7,1month
OneM-MZBB-AUK5-3WU5,1month
OneM-8G8S-6463-2WVJ,1month
OneM-WU93-RZLP-C9D8,1month
OneM-Q9BK-DVJD-KJA5,1month
OneM-DVUV-UU65-HLLN,1month
OneM-ZCVU-FJ2K-F26D,1month
OneM-Y6X8-62C4-75VZ,1month
OneM-R472-EWXQ-SA8F,1month
OneM-Q95Z-SNFW-Y5HZ,1month
OneM-HDRP-8CT8-A7V9,1month
OneM-CE4T-LRFG-TLKY,1month
OneM-4JYG-K5MQ-NYL5,1month
OneM-7FHJ-DDSL-6NEL,1month
OneM-U3SW-DRLC-MFH2,1month
OneM-4RMD-QL2N-V6HV,1month
OneM-V6QR-Y3UW-593Z,1month
OneM-C4HV-GBLJ-H6U6,1month
OneM-ZVA7-G2YD-SFL3,1month
OneM-RN34-D97Q-75HA,1month
OneM-V78P-UVWW-49VA,1month
OneM-ZGPX-QQGE-V67F,1month
OneM-XFDY-2R7A-HB4Q,1month
OneM-V3QV-2KCU-ZBC2,1month
OneM-S59N-LSND-YQJU,1month
OneM-RGXR-32AT-VV7Q,1month
OneM-SXTJ-JY24-M3BG,1month
OneM-VP3B-4UW2-H8BH,1month
OneM-UQ4T-DUCU-BWE8,1month
OneM-RW5Q-M2BL-PSP5,1month
OneM-YKTV-9UUV-JW9Q,1month
OneM-RZMT-EEVN-8KYX,1month
OneM-2D98-Z263-SX7M,1month
OneM-WU58-X6K8-U6R4,1month
OneM-HJB9-8HTG-7L94,1month
OneM-DFDU-GYM2-A2XS,1month
OneM-F9ZB-QHEY-4ATN,1month
OneM-43XF-47KV-JVAY,1month
OneM-M9FG-CNN9-UXV3,1month
OneM-XHYQ-4HG2-BW63,1month
OneM-2BE9-AYK9-2D3S,1month
OneM-FB3E-3774-B7L8,1month
OneM-A9AB-2Y7W-BYVA,1month
OneM-SPT2-7JF2-MGS5,1month
OneM-BMJH-E77M-FCVV,1month
OneM-RDP8-Q2QN-3K7Z,1month
OneM-Z2NW-EFPW-R8UA,1month
OneM-RV4M-3QTK-FYX4,1month
OneM-V87X-RRBG-5NVA,1month
OneM-3XBK-JXD4-3KXN,1month
OneM-5VC5-WWH8-24GN,1month
OneM-SLEM-Z2LE-PJP3,1month
OneM-G6H8-CDXG-RGW3,1month
OneM-N9YX-7ADS-RPM5,1month
OneM-VUXR-TFXW-VF4H,1month
OneM-FP3P-JG67-R3H5,1month
OneM-VA4E-EEEQ-RNRE,1month
OneM-GNK9-R28J-LNNP,1month
OneM-PEB4-X27X-4ZCA,1month
OneM-NWJ4-YGQ7-AWRK,1month
OneM-AWMU-L79S-SNNZ,1month
OneM-4LYS-TLFJ-63L2,1month
OneM-ZHL6-8M3C-95BJ,1month
OneM-V4FN-FEJZ-YG3R,1month
OneM-SEPB-5CBT-UD2Z,1month
OneM-YTGS-GKJQ-7G4R,1month
OneM-BVFG-GD54-VQ6W,1month
OneM-7ZW3-JHUN-WB9L,1month
OneM-NSN6-Q2Q7-6T5P,1month
OneM-EA4B-RM37-6QA8,1month
OneM-T3SK-AQGY-M95J,1month
OneM-GXP9-B7GW-9YLX,1month
OneM-P79V-EGB5-SXPU,1month
OneM-KAX3-8J2P-P24N,1month
OneM-NLMP-9MXX-67LV,1month
OneM-J8TZ-62HV-GWYB,1month
OneM-RD6E-7NJK-HA95,1month
OneM-BH84-2CQY-XRC9,1month
OneM-KBFB-YTVG-6BEM,1month
OneM-3A6M-CQGL-KEV6,1month
OneM-33J4-98HS-XAH8,1month
OneM-SPDE-PUMH-QSZA,1month
OneM-B7R6-L73B-V84D,1month
OneM-WHCB-R5AZ-SS8P,1month
OneM-2J4T-2M36-5ESZ,1month
OneM-XFTJ-WUQ9-F75U,1month
OneM-AUNS-39Q3-NRA6,1month
OneM-UMX9-XLNM-E2XF,1month
OneM-C9BR-BQQC-Y7JK,1month
OneM-3GAR-KJ92-LYGP,1month
OneM-SQLE-QRLW-UKDX,1month
OneM-NCN8-MNW2-SELL,1month
OneM-S85V-TBNX-83LK,1month
OneM-C5HN-BKXZ-JWW2,1month
OneM-VAY8-FJYR-SP25,1month
OneM-LZZ6-K672-B334,1month
OneM-AK93-XBC9-Q5MD,1month
OneM-GUMX-MZX2-72D6,1month
OneM-KK3G-VJHP-AL35,1month
OneM-FGQB-N73W-8Y43,1month
OneM-ZZ4G-NRYW-G8XS,1month
OneM-YZM8-KY9E-F8Y9,1month
OneM-2HMA-PZEL-47YM,1month
OneM-3DVV-S4TQ-QKGZ,1month
OneM-N42E-28S6-LA8F,1month
OneM-8753-LPW7-4F7J,1month
OneM-795K-YLXD-MLKA,1month
OneM-54RJ-YZ7B-6M5L,1month
OneM-R8CL-WAD5-WS69,1month
OneM-V8SV-83YV-4DS4,1month
OneM-CBFR-RJ2G-6JXM,1month
OneM-T26N-B8P8-FZMX,1month
OneM-B8LZ-QHD3-GDCN,1month
OneM-LXWL-8SVL-BNVS,1month
OneM-NWHM-T9NY-AAV4,1month
OneM-NLGD-3BDG-JJ2Q,1month
OneM-4GT4-3C9V-6NE5,1month
OneM-6RSF-FUCR-5ZRB,1month
OneM-M85U-WW6Z-Z9RB,1month
OneM-UR7Z-2H9K-WZVZ,1month
OneM-9QUS-67GG-YDHJ,1month
OneM-YBQP-DMDX-ZXLR,1month
OneM-VLK2-UAWK-E7LM,1month
OneM-VK96-FRZR-TK76,1month
OneM-RFA8-MCBF-L6U7,1month
OneM-KAW7-F2GS-HXA2,1month
OneM-CQVD-ZYZ6-SAED,1month
OneM-EJHY-LCB2-8VXB,1month
OneM-4TJS-HDHZ-E4UE,1month
OneM-BES5-USDF-LPVU,1month
OneM-4RFU-7NK9-VY3P,1month
OneM-8QXT-E7R5-7585,1month
OneM-PFUZ-UKTL-3U2Y,1month
OneM-VZ6X-PUVP-W62K,1month
OneM-WGTY-YP8R-C8SA,1month
OneM-D829-NW6Q-BZA5,1month
OneM-XSCS-T4S2-GQGD,1month
OneM-5UKF-2KZG-T3VM,1month
OneM-57AB-A25E-NPB9,1month
OneM-PXMW-8E9M-VG9L,1month
OneM-VVWK-ZZ79-6M57,1month
OneM-Y4TB-FAKS-W4KZ,1month
OneM-TVZE-6G9W-BXBA,1month
OneM-EX7R-XRLV-WSPY,1month
OneM-6UYL-HHMC-LPQV,1month
OneM-YZCF-A54X-DZLK,1month
OneM-JXJR-2AYQ-PD2R,1month
OneM-6X7H-ZCWS-V87K,1month
OneM-AXGS-9TPC-UZM4,1month
OneM-Y8GC-3L5V-6JVZ,1month
OneM-NVP2-YJ94-7DB3,1month
OneM-6TVM-RAYK-GT3T,1month
OneM-KT5L-87JN-V7JM,1month
OneM-S4BU-KUED-5S56,1month
OneM-JZ6N-SPLN-5F9K,1month
OneM-EZRG-F5MK-UDZH,1month
OneM-N24F-4JVB-2AWN,1month
OneM-DYYN-WRCY-HRJS,1month
OneM-CFG6-AFXL-PDC5,1month
OneM-83RM-8U6G-CLTM,1month
OneM-KJRX-9E5W-FE8R,1month
OneM-TE6Z-AU2J-2SEQ,1month
OneM-8ENL-UKRR-CQ2S,1month
OneM-TQNC-MHTX-SW5X,1month
OneM-AERH-L2MB-UR34,1month
OneM-SMFL-YABK-PNKV,1month
OneM-FHMM-4692-QRSZ,1month
OneM-9YWL-X6RR-AAFV,1month
OneM-WXAS-ZZLM-KMFS,1month
OneM-GNR3-CLDA-5RAT,1month
OneM-96W2-46XQ-NMDW,1month
OneM-N6CG-PPF4-AJV7,1month
OneM-GMS5-FB8J-A9NN,1month
OneM-J4CE-7D5A-FFC5,1month
OneM-9HWF-YUJJ-Q6Y5,1month
OneM-JGMW-CKVF-JUVQ,1month
OneM-FPHD-8FFC-6G6S,1month
OneM-58HR-AQ46-7VJJ,1month
OneM-2SBL-MN8L-P8B2,1month
OneM-GF8U-EX7U-CLQL,1month
OneM-N7YW-AVKK-FRSE,1month
OneM-MVTX-VDY8-H64M,1month
OneM-HNUG-4JGQ-43XU,1month
OneM-CMQT-6GFA-HPNL,1month
OneM-NCDY-LCP3-7MQR,1month
OneM-FPAC-CRBN-CK6A,1month
OneM-AHWN-56UF-4MBF,1month
OneM-F764-NZWH-NLA2,1month
OneM-QWAN-KRT6-TNYS,1month
OneM-HPF7-4DRK-9NC6,1month
OneM-4SZ4-6D69-TVE8,1month
OneM-WTH9-RSKQ-PZ6C,1month
OneM-TEY7-MRY3-TB3M,1month
OneM-3D34-VRG7-PAAJ,1month
OneM-5RPE-2BPD-WPSH,1month
OneM-3Y3H-TTTT-8D32,1month
OneM-TKVD-F5MQ-2CU6,1month
OneM-3SY7-YHUF-L3QH,1month
OneM-WLFQ-A4PD-TGDZ,1month
OneM-HY7S-6WJX-2UNW,1month
OneM-MLFF-FUG4-66P2,1month
OneM-4P23-HF7Q-7WSB,1month
OneM-QTSC-8X3V-54Z2,1month
OneM-WM46-FRCM-72Q9,1month
OneM-7V8Z-JV7S-RUZN,1month
OneM-3WAA-T7X5-Q7YH,1month
OneM-ENGD-9HJB-3TUZ,1month
OneM-YSCS-TKE8-9ZQN,1month
OneM-F3T7-89GG-PV9G,1month
OneM-LARH-9H5U-VN9M,1month
OneM-GUAY-TAC2-AJE3,1month
OneM-C3A7-F3TZ-3GFH,1month
OneM-WPSG-GY28-SV5X,1month
OneM-VKSK-3UXD-YWKD,1month
OneM-3JRA-77A6-5HMW,1month
OneM-FMHG-L59E-F4CQ,1month
OneM-QVXE-CM76-N4J7,1month
OneM-NNPC-HCUC-HX5Z,1month
OneM-VRN7-BT5D-6SVN,1month
OneM-62YE-D2M5-LVHE,1month
OneM-Y8DX-PMYR-GM5L,1month
OneM-C5SS-552W-7T74,1month
OneM-K28U-XW3H-WZAW,1month
OneM-QTYF-3ZMZ-MHHF,1month
OneM-7JAC-N8D4-YASZ,1month
OneM-HCR5-YFYT-4JV9,1month
OneM-3VV4-PP4T-JFZS,1month
OneM-WP8B-MA3U-A7JK,1month
OneM-DL2V-VUVG-38BZ,1month
OneM-GEFP-K38Q-K74M,1month
OneM-WZ5L-LKG5-F9YN,1month
OneM-K4W2-J36R-PXHU,1month
OneM-6JQT-B3H3-YMU6,1month
OneM-UPUS-CBGQ-EBFH,1month
OneM-PQWZ-XZ9K-XBYL,1month
OneM-TUCJ-XZ2X-6PW6,1month
OneM-BWSB-PE3E-V5CZ,1month
OneM-DS4P-WYWQ-8FTH,1month
OneM-9CRL-YABN-VX2W,1month
OneM-NYRX-T9WF-R44J,1month
OneM-N2ME-H8RD-C2T7,1month
OneM-V9HJ-AFSL-ZHA5,1month
OneM-A5QB-LR8N-5UM3,1month
OneM-DALA-WXYP-CQC4,1month
OneM-7B3K-6VD6-G7BM,1month
OneM-JJMC-QPJC-YSAF,1month
OneM-5F6Q-4SHZ-6UA7,1month
OneM-CAMN-A7XU-YUGW,1month
OneM-8YSX-STLG-JRHN,1month
OneM-WLD2-SU26-FZYR,1month
Ever-SPYJ-PAKN-GSJV,lifetime
Ever-2LZ8-EWXU-AW3B,lifetime
Ever-GZ8M-BKU8-N7Z9,lifetime
Ever-5Z4F-SY59-MJAR,lifetime
Ever-CPW9-BVXN-LTYK,lifetime
Ever-CCBE-FDMG-APZV,lifetime
Ever-D3SS-B3LG-Q6XN,lifetime
Ever-RXBY-AVE7-3TTC,lifetime
Ever-ZSHB-TGD6-WEJG,lifetime
Ever-KV2Y-VB73-X74C,lifetime
Ever-6LQE-N9CV-VY76,lifetime
Ever-FKAK-E9RC-7QMJ,lifetime
Ever-BP7L-GWXV-WBBL,lifetime
Ever-M2TK-WM42-DG5A,lifetime
Ever-3577-85Q8-5UVD,lifetime
Ever-GVRG-RJ3J-5LJ2,lifetime
Ever-BUGP-FW49-VPMP,lifetime
Ever-ZTG2-KWUL-QWYG,lifetime
Ever-MCCK-96R7-2B5H,lifetime
Ever-FDHL-H72X-RRD8,lifetime
Ever-RU5L-97YZ-9GJU,lifetime
Ever-6PQ9-5RNU-9QK9,lifetime
Ever-S3YM-2F5K-NW4Z,lifetime
Ever-XKXV-SN5D-PW2R,lifetime
Ever-F9UW-8E56-CUBY,lifetime
Ever-UJ2J-TDH7-BY5B,lifetime
Ever-JWYR-2Q6G-7338,lifetime
Ever-7AHN-SNZL-MQTY,lifetime
Ever-PBTE-EWP3-9PLA,lifetime
Ever-YGFX-CMUT-57DN,lifetime
Ever-DCS8-8D9B-SXLD,lifetime
Ever-JJ9G-VEQ8-6BT5,lifetime
Ever-AT3U-755P-QMW5,lifetime
Ever-PPEY-Y4K8-GWJR,lifetime
Ever-42PJ-96TF-9WEN,lifetime
Ever-C3RU-NAHJ-6E59,lifetime
Ever-GBVA-ZHDN-VUQH,lifetime
Ever-HL44-QKF7-X43C,lifetime
Ever-UESN-U2AV-JRPV,lifetime
Ever-D5CV-XP66-D47M,lifetime
Ever-3PF7-9XH2-QLWW,lifetime
Ever-JXYC-C6PF-Y389,lifetime
Ever-SAG4-3LRK-2T9F,lifetime
Ever-B95P-XED5-5MG2,lifetime
Ever-NVER-4VBW-6WEY,lifetime
Ever-2F5G-R9F8-3ZPD,lifetime
Ever-QU2X-FU4R-KSMD,lifetime
Ever-N9NL-HLSF-64VU,lifetime
Ever-VW6M-9GE9-WV84,lifetime
Ever-SFLU-NVVV-82SB,lifetime
Ever-LEDF-NFW2-XR76,lifetime
Ever-HZK5-VU2M-T37X,lifetime
Ever-3W3C-2YLG-53VJ,lifetime
Ever-F4BE-KS6C-EV7G,lifetime
Ever-Q53U-E576-5UWL,lifetime
Ever-R9NH-85QV-WCGE,lifetime
Ever-QU2C-HLF6-7HCD,lifetime
Ever-VPBF-6PW8-93KD,lifetime
Ever-4YTZ-9NR7-SJRW,lifetime
Ever-VTMX-XFWE-78XJ,lifetime
Ever-HWZ9-2Q6X-KFN9,lifetime
Ever-RVBY-GUX9-5MJ5,lifetime
Ever-6Q6G-KBJ3-SNWN,lifetime
Ever-WW3Q-JJ7J-3YTP,lifetime
Ever-4JXS-EE4H-UJ9V,lifetime
Ever-W6AM-9ZHC-FNLA,lifetime
Ever-MUAA-AP9E-TDJ8,lifetime
Ever-YU6Q-8PWC-LH4K,lifetime
Ever-6XTW-XLRK-FQZU,lifetime
Ever-MRWS-NUH2-HH4P,lifetime
Ever-77Z6-Y8FZ-2QZ2,lifetime
Ever-F8RD-SWPN-YXGP,lifetime
Ever-9452-AHZ4-93N8,lifetime
Ever-M768-GTC8-SVUP,lifetime
Ever-ZMLY-66AT-6RCD,lifetime
Ever-59U5-GCYA-ESU8,lifetime
Ever-DTBM-6CW8-SQTU,lifetime
Ever-XYTA-LZCE-2UV8,lifetime
Ever-RD4Q-F9JP-65T9,lifetime
Ever-UBLF-ZSZN-Y2CJ,lifetime
Ever-DG4A-EP3W-YVCF,lifetime
Ever-QQEZ-26J7-F2TN,lifetime
Ever-6QDN-ABGV-9G6T,lifetime
Ever-WT58-F9BN-NGMC,lifetime
Ever-QYQG-Y4QA-QMZY,lifetime
Ever-N5RG-83TG-BX2H,lifetime
Ever-N278-8544-ZHHE,lifetime
Ever-6TKM-3STE-JYYE,lifetime
Ever-E5JL-BBX7-SV3S,lifetime
Ever-Y2BK-S5H9-5XX2,lifetime
Ever-QTM5-MLPH-FQSQ,lifetime
Ever-Q3EG-U3W7-KWJ7,lifetime
Ever-7LZ5-DA9A-LQHV,lifetime
Ever-26CZ-7V4A-9FSP,lifetime
Ever-QN38-6WSM-LMPT,lifetime
Ever-UY9U-ZH3L-Y779,lifetime
Ever-QRC8-FFQY-5ELS,lifetime
Ever-8BX4-TWA3-352Y,lifetime
Ever-CN7A-TUGN-5BJS,lifetime
Ever-6SB4-QFKA-PC8F,lifetime
Ever-JGUN-XYAQ-SMWD,lifetime
Ever-5QKZ-32HL-K3BA,lifetime
Ever-7XWF-Q8VL-WNDB,lifetime
Ever-TM7X-AJEH-WQ8W,lifetime
Ever-4Q69-MUVF-6AA2,lifetime
Ever-3W22-M7AS-63KB,lifetime
Ever-9N78-SP43-2NS9,lifetime
Ever-CC8Q-87W5-W9L2,lifetime
Ever-F3U9-B8DC-6F36,lifetime
Ever-EU5S-LCK9-T3WT,lifetime
Ever-NCDE-YS64-DCAC,lifetime
Ever-TJQF-7CP5-E9UV,lifetime
Ever-KU7Z-MM2U-35RJ,lifetime
Ever-T7J2-Z9DK-YPYV,lifetime
Ever-2YEC-PGY6-8P9F,lifetime
Ever-YE9H-2T29-S5D3,lifetime
Ever-TXXW-C7PM-KQ3J,lifetime
Ever-MB5W-B9BD-BLFE,lifetime
Ever-Z9S5-DBC8-N95S,lifetime
Ever-KB37-4R2W-UEU4,lifetime
Ever-X5ZT-TFKE-YRCZ,lifetime
Ever-6S78-MYUY-MWWG,lifetime
Ever-ZFY3-A7HX-BRU9,lifetime
Ever-CN2K-WQYY-LCJS,lifetime
Ever-QVCE-4RJ4-MQK6,lifetime
Ever-JALF-2NCN-QVJH,lifetime
Ever-VDM7-HUYY-KSFJ,lifetime
Ever-VQ9A-AHLR-5B5T,lifetime
Ever-A3YF-YJ42-79K9,lifetime
Ever-FPAQ-Y2BG-A79S,lifetime
Ever-C9NF-ZWNB-YMKR,lifetime
Ever-P8DN-SKHQ-6YB3,lifetime
Ever-6F4U-BQ2S-CDDD,lifetime
Ever-T5B5-MQED-D5JC,lifetime
Ever-M3HD-KZFY-VL5X,lifetime
Ever-FX8U-J7VH-46LM,lifetime
Ever-K79J-SWMC-3C7L,lifetime
Ever-DHPP-75PQ-82LC,lifetime
Ever-4EBW-YDRY-6XEE,lifetime
Ever-39XN-BKSR-ME27,lifetime
Ever-B7VZ-XVAM-AHKD,lifetime
Ever-BCNA-AMSR-PKBQ,lifetime
Ever-MFP6-EVC7-4PU8,lifetime
Ever-DCGL-XE4Q-VT8W,lifetime
Ever-43R8-CXHS-MTGZ,lifetime
Ever-6RLD-CUFG-29CK,lifetime
Ever-6DK5-VA45-K2PL,lifetime
Ever-QESX-KHA9-GTJU,lifetime
Ever-C28Y-H8L7-HTY5,lifetime
Ever-3W2S-RJ8A-SNMA,lifetime
Ever-C2RL-BW6C-Q4XD,lifetime
Ever-4D4C-CGAN-4WS9,lifetime
Ever-GGAB-4Q4V-BZXV,lifetime
Ever-D4WY-RXVX-PZ2N,lifetime
Ever-7TM3-KXG4-GSJ2,lifetime
Ever-R9ZS-3EJZ-U78R,lifetime
Ever-RG9F-TQNN-DXN2,lifetime
Ever-726M-CYVM-4P8V,lifetime
Ever-UVDV-XZFS-HKVU,lifetime
Ever-JPHX-MJGF-FYP2,lifetime
Ever-5SVZ-BBLU-V3Q3,lifetime
Ever-ZGY7-ASJL-8MBR,lifetime
Ever-YX75-HRK5-YVUX,lifetime
Ever-HVR7-UGZ3-46ZG,lifetime
Ever-YG7H-G6YE-WFPF,lifetime
Ever-7X6S-4FZC-ENYW,lifetime
Ever-6C68-GMGJ-Y845,lifetime
Ever-V34L-JUR9-DR3H,lifetime
Ever-RSZ6-HTJ8-TP7T,lifetime
Ever-DADE-VU52-ZWHK,lifetime
Ever-92SM-358A-JNC5,lifetime
Ever-GMT3-NA9W-DTVV,lifetime
Ever-UKK7-623A-48UM,lifetime
Ever-J22L-FYJU-KTW3,lifetime
Ever-9SGL-M9L5-JCM6,lifetime
Ever-4TAT-UP5H-4BK3,lifetime
Ever-6KFS-FJ3H-VBR9,lifetime
Ever-DVHS-XJRB-58EG,lifetime
Ever-CH4F-JBZ5-MAYJ,lifetime
Ever-YXKK-HSL2-B3LZ,lifetime
Ever-LXLC-VTEC-2DML,lifetime
Ever-AJ2Q-X4N8-ZQG7,lifetime
Ever-JRXL-LQJQ-DFQP,lifetime
Ever-WBS3-F2ZW-QAJK,lifetime
Ever-9XPD-M5BT-LWD3,lifetime
Ever-9X7V-J4LY-2RG9,lifetime
Ever-GZXC-KSDZ-M2QH,lifetime
Ever-U3T6-YYHT-H3DE,lifetime
Ever-DFWV-VE82-UJGP,lifetime
Ever-45UL-WTC3-RVW3,lifetime
Ever-Q5F7-7VMY-RYEE,lifetime
Ever-QRX7-HARK-7DVP,lifetime
Ever-ARGK-3NDY-2LNR,lifetime
Ever-6WDU-ZNKR-66T7,lifetime
Ever-UVTL-6XQG-V8S5,lifetime
Ever-24A4-B9WS-758A,lifetime
Ever-ECCY-US7H-2LHB,lifetime
Ever-PWEE-2482-5NYE,lifetime
Ever-DEHF-BHWB-WGRZ,lifetime
Ever-D7DR-SG4C-WTLH,lifetime
Ever-9H9N-JN2Y-9XX2,lifetime
Ever-LU3E-3KFQ-XZWH,lifetime
Ever-3FKM-G6U6-JWRX,lifetime
Ever-MFMS-2XGM-W854,lifetime
Ever-UWVL-Z45T-VYVJ,lifetime
Ever-ZHAL-VHCC-2X8B,lifetime
Ever-5M96-RGUB-2UD3,lifetime
Ever-RD8U-BWFN-MVXF,lifetime
Ever-RFRH-SX8B-VKT7,lifetime
Ever-ZNBM-S29X-MCBP,lifetime
Ever-6Y9Z-DNZX-ZFZL,lifetime
Ever-8QHG-22B2-56A8,lifetime
Ever-3HL2-A2QU-X5NC,lifetime
Ever-QNVR-C4JQ-ZKZY,lifetime
Ever-QCHB-HTDF-BKEF,lifetime
Ever-2XK5-CWHN-ECXX,lifetime
Ever-G47L-EAWX-MWUW,lifetime
Ever-D3Z5-9GDR-GVZX,lifetime
Ever-FB7F-KJ28-SHG7,lifetime
Ever-MCVB-G5XU-2P4G,lifetime
Ever-WQ5S-VXRR-5W7G,lifetime
Ever-W6QR-DWTR-LGBV,lifetime
Ever-LR3U-RKBD-24WU,lifetime
Ever-CT3X-SXD8-UHYU,lifetime
Ever-W589-8KHE-48W9,lifetime
Ever-NRUJ-PQ5V-FJDV,lifetime
Ever-W9RK-F8BG-9ZSM,lifetime
Ever-6645-M37Q-XBMM,lifetime
Ever-G7LG-VD24-9V5A,lifetime
Ever-4QDL-ALGU-ZTQV,lifetime
Ever-YFAM-7X8D-GY4B,lifetime
Ever-F94V-GA7X-DE6R,lifetime
Ever-ULG6-HNVJ-5GEM,lifetime
Ever-WW64-R375-SBFC,lifetime
Ever-KXTB-SGTQ-ZADG,lifetime
Ever-W2FZ-ZNY3-ERSB,lifetime
Ever-CXMH-D735-W7G7,lifetime
Ever-FQBJ-FRTC-HYAU,lifetime
Ever-Z7DK-U7G8-VCGR,lifetime
Ever-6XB9-MXCL-AL88,lifetime
Ever-PKCX-PWXM-XY5J,lifetime
Ever-FUB3-APB6-UD7T,lifetime
Ever-TVLF-HUPN-UCMM,lifetime
Ever-VF5Z-C5AM-XJG4,lifetime
Ever-BHGC-M94G-PFEL,lifetime
Ever-ATY7-4MEQ-NJWP,lifetime
Ever-RD8B-JNQZ-DPD7,lifetime
Ever-7DJT-73E4-AEHQ,lifetime
Ever-ZAP4-9CGC-PX57,lifetime
Ever-559S-GU55-M3E6,lifetime
Ever-WYT8-WK4S-2UCU,lifetime
Ever-S6T8-UZ8B-3D5B,lifetime
Ever-CCDS-28Y2-C9JJ,lifetime
Ever-7R8P-4FBJ-ACCM,lifetime
Ever-CMZ2-8WG9-FRTD,lifetime
Ever-EWRP-JWNA-GLRH,lifetime
Ever-6RWJ-ZGEK-HCHR,lifetime
Ever-LTPE-6TKM-8DML,lifetime
Ever-LQ84-EAY6-D7R3,lifetime
Ever-94NY-D3BP-H7DB,lifetime
Ever-ARXD-Y6YY-J6QH,lifetime
Ever-LBXH-E4BA-4SDM,lifetime
Ever-CCMK-GUDM-NFXG,lifetime
Ever-S43F-K9ZW-DJQL,lifetime
Ever-K4YV-SFHQ-DE8N,lifetime
Ever-5BGY-PVPB-QCNU,lifetime
Ever-KKZF-YAF4-JZMR,lifetime
Ever-7UFX-5MYD-YXEW,lifetime
Ever-TLTE-2VWL-QR74,lifetime
Ever-WG2J-DYLT-UGGQ,lifetime
Ever-J75T-PVBQ-SAF4,lifetime
Ever-HGXG-JEVG-YEE2,lifetime
Ever-X9CR-F8NP-M6F5,lifetime
Ever-MYFG-DNMF-362L,lifetime
Ever-AG6G-SRHY-HG6T,lifetime
Ever-966Z-Q5EK-H4MD,lifetime
Ever-RJ3D-3K9A-6UW3,lifetime
Ever-82UA-LAT7-STYZ,lifetime
Ever-XMWU-GNTS-B2EM,lifetime
Ever-TDKQ-AEVQ-UPRB,lifetime
Ever-YGR2-MS7Z-PA27,lifetime
Ever-TV96-K3H4-FUPF,lifetime
Ever-YLNS-M5VS-WJ4P,lifetime
Ever-4UMM-RZ9S-BCNY,lifetime
Ever-2T34-FJ26-Q4UL,lifetime
Ever-FY2Z-D3UM-2TJ4,lifetime
Ever-GD9H-WDRE-4Y24,lifetime
Ever-7SXV-55LM-FSZ3,lifetime
Ever-ZMS5-UFMJ-Y899,lifetime
Ever-ZPFV-MHFL-QW9A,lifetime
Ever-8D8N-952P-N5GG,lifetime
Ever-BDH8-NPK4-5VML,lifetime
Ever-4SBJ-RGDL-ZRQQ,lifetime
Ever-CVBS-W82Z-MWJL,lifetime
Ever-3Y6D-UQPN-D9FJ,lifetime
Ever-GN4Q-UJ3M-6ZXY,lifetime
Ever-XWQH-VX88-WWLY,lifetime
Ever-B2FL-BPEH-WG55,lifetime
Ever-Q8FN-44SQ-T3XU,lifetime
Ever-EJ3Q-6M88-3MDU,lifetime
Ever-PKAP-W9AG-2H9F,lifetime
Ever-QWK2-NCGA-UADU,lifetime
Ever-34BC-NANF-KY8Z,lifetime
Ever-HDUU-4P7J-G8YR,lifetime
Ever-LG9V-LNXQ-3JQX,lifetime
Ever-YHTZ-FEMQ-RY84,lifetime
Ever-J2P7-6EMY-HHZZ,lifetime
Ever-DN5G-SVEE-PEFN,lifetime
Ever-7UYC-F9FU-67Z4,lifetime
Ever-X5RK-9XEU-7RZH,lifetime
Ever-9UND-HNJB-PT9P,lifetime
Ever-6EFH-HQRF-YZWY,lifetime
Ever-33UJ-PK8A-LCLZ,lifetime
Ever-XMSU-LCE3-62ZC,lifetime
Ever-AVVL-GFZD-R4N7,lifetime
Ever-CQ4F-NQEK-29FP,lifetime
Ever-KH3V-7A52-Y82U,lifetime
Ever-EB36-3TAR-6FDJ,lifetime
Ever-EWRD-PY6U-PBJW,lifetime
Ever-PWKB-ZBV7-LVZC,lifetime
Ever-W3AK-X943-7XNV,lifetime
Ever-F99L-FGQX-PALB,lifetime
Ever-NAL9-YLP8-MSJD,lifetime
Ever-76CK-G5YT-XTKZ,lifetime
Ever-7EHJ-2JQN-D9SK,lifetime
Ever-UJ6G-TMB9-FZ96,lifetime
Ever-SZTA-734L-27NA,lifetime
Ever-SYHG-DER5-WUP4,lifetime
Ever-VTU2-VUUS-BLKY,lifetime
Ever-HEL4-NAP9-SQ9X,lifetime
Ever-6GEF-2J76-A86T,lifetime
Ever-6MX4-M4YS-PQMN,lifetime
Ever-G9Z6-LC6N-DTTU,lifetime
Ever-3SYS-J7D2-DCLM,lifetime
Ever-336X-MFXS-QVHA,lifetime
Ever-9VK2-CAK5-SLUF,lifetime
Ever-LGPZ-VNBM-G7G3,lifetime
Ever-BS72-PAAY-BEXF,lifetime
Ever-N2CY-2ZU3-4BMZ,lifetime
Ever-E5HK-53FH-YDFM,lifetime
Ever-BRQV-BCXT-C3EC,lifetime
Ever-6XB5-QXHK-PDW2,lifetime
Ever-GZ6J-RX3Z-D82S,lifetime
Ever-PQEH-BPDX-45JF,lifetime
Ever-JSUU-QUBU-WPYF,lifetime
Ever-M3HA-JLHT-4CB3,lifetime
Ever-SRFZ-STH5-DP7C,lifetime
Ever-9SDL-DTVY-SLX8,lifetime
Ever-7GRG-XLPW-JQYJ,lifetime
Ever-TMRB-MHK3-GQX9,lifetime
Ever-AYN6-LXQF-Q7PK,lifetime
Ever-U3BU-BFTQ-GA6V,lifetime
Ever-TSV5-YQAG-CDUG,lifetime
Ever-H6VJ-TXED-C5G3,lifetime
Ever-PH87-YV8M-XYKH,lifetime
Ever-G6LM-7PAH-7422,lifetime
Ever-9YBC-MAGW-AETW,lifetime
Ever-6LG2-5M4E-4S9G,lifetime
Ever-CVY3-E45V-4T62,lifetime
Ever-BHZY-883V-QBDS,lifetime
Ever-9T3H-E4D9-VJWU,lifetime
Ever-NN92-3NT8-LSEW,lifetime
Ever-5GHV-PU3X-7T4K,lifetime
Ever-ZX5G-37UV-KAUQ,lifetime
Ever-6BFX-7JFV-VWFL,lifetime
Ever-59HA-ZVDA-5X28,lifetime
Ever-QZUL-KLRE-26HF,lifetime
Ever-EDFF-2SZ8-3WWL,lifetime
Ever-7XVX-EHEN-58WN,lifetime
Ever-JRJ9-BPEJ-Q8L6,lifetime
Ever-U235-NNTA-HPUV,lifetime
Ever-JMJ5-NNDE-3TYG,lifetime
Ever-8W88-DDJH-5ZQS,lifetime
Ever-R9B6-AFSM-DDQV,lifetime
Ever-7KYC-E6Z7-XD2S,lifetime
Ever-JCS4-KJVN-4JS5,lifetime
Ever-LCCR-QVNM-LF5W,lifetime
Ever-GJGA-LBYJ-PC59,lifetime
Ever-BVRN-AP2E-S7KV,lifetime
Ever-MSBF-BJFD-QH75,lifetime
Ever-JUB6-4TR3-NTWD,lifetime
Ever-4EKD-EP9G-QSJF,lifetime
Ever-ZDFB-UZWU-L7NN,lifetime
Ever-SPFR-78NC-D8TY,lifetime
Ever-AV2J-T5EK-RWBT,lifetime
Ever-FY6A-ZRVV-MUEM,lifetime
Ever-A5ZS-27MS-TEGT,lifetime
Ever-JPZF-9MA3-M9KL,lifetime
Ever-WPZJ-FWDY-9G5A,lifetime
Ever-QDEA-QWAK-JZTX,lifetime
Ever-AWBU-DEKN-MM52,lifetime
Ever-GHCT-5F9U-GSTG,lifetime
Ever-EANA-FT52-ZUS4,lifetime
Ever-VDA9-DB95-ARR7,lifetime
Ever-VCAD-4B9F-P3BG,lifetime
Ever-4Y6Z-KD6P-PKPH,lifetime
Ever-GCWF-HXVP-AT7A,lifetime
Ever-7E54-4CT7-V8CK,lifetime
Ever-VD7B-G6TE-8HHV,lifetime
Ever-M45B-SSAM-BMCS,lifetime
Ever-L54S-W2WW-KGVW,lifetime
Ever-4A3V-LKXM-2UXK,lifetime
Ever-GNQP-JLAY-CXEW,lifetime
Ever-JJHG-KRDY-GA7W,lifetime
Ever-HLT7-48NF-3WQY,lifetime
Ever-5KRW-KG6L-ZNW3,lifetime
Ever-T6AE-TKVS-RTYK,lifetime
Ever-GAPX-65G6-SMPJ,lifetime
Ever-2EZH-L9VJ-4JJS,lifetime
Ever-2ENU-FTA5-YKNY,lifetime
Ever-5NT5-RAFG-S7HQ,lifetime
Ever-M6J2-H889-6DZP,lifetime
Ever-F946-82P7-ZNHD,lifetime
Ever-6N23-P9FM-5BD8,lifetime
Ever-XAXR-85SQ-LS3D,lifetime
Ever-EJ9W-JUWG-5K6P,lifetime
Ever-9JMG-CQVG-WVSF,lifetime
Ever-T6UJ-Q49L-333Y,lifetime
Ever-FTSD-JVV2-UCFB,lifetime
Ever-E3F2-3FU5-DZ6T,lifetime
Ever-LZB8-85LP-SD73,lifetime
Ever-YLPJ-HSWV-KN4B,lifetime
Ever-7QKL-M5QH-3QYH,lifetime
Ever-X8UV-RWNR-S8MV,lifetime
Ever-WUJF-F97A-C967,lifetime
Ever-V77D-9NH6-7E7N,lifetime
Ever-TCRH-YXYP-A5J7,lifetime
Ever-GSL2-VMFN-QFLB,lifetime
Ever-RKTQ-RFAC-XTAG,lifetime
Ever-HVVW-2U34-522H,lifetime
Ever-KUPS-JCDV-AXBX,lifetime
Ever-FBZK-YP6V-D2LE,lifetime
Ever-5V4G-F8RV-HVKF,lifetime
Ever-WDTR-V324-6C7H,lifetime
Ever-744W-CQCG-VG2G,lifetime
Ever-N9G8-QUYR-2Z79,lifetime
Ever-GXV6-AJAX-M7L4,lifetime
Ever-LEBT-NXW7-5C5L,lifetime
Ever-57TY-84B5-V7FX,lifetime
Ever-TKHD-JJ4G-J9NP,lifetime
Ever-DVHQ-6CAT-VKPF,lifetime
Ever-8SFH-8M8F-H9V9,lifetime
Ever-2AZ8-8TVR-RNME,lifetime
Ever-PKCJ-7ULN-VB25,lifetime
Ever-BQ3F-2MR7-3EES,lifetime
Ever-SFDA-ZZPU-JSWA,lifetime
Ever-ZRB3-CMJ3-9R5Z,lifetime
Ever-ASG2-YMR9-M2AJ,lifetime
Ever-9DCP-DQDV-CEZR,lifetime
Ever-N2CD-YEXE-CEJH,lifetime
Ever-7MV4-AE6Z-J7ZN,lifetime
Ever-WY4X-Y2W9-6XPK,lifetime
Ever-8TU2-BZJN-TJWD,lifetime
Ever-K5MK-G2K7-2CQT,lifetime
Ever-5SP7-AHZS-TX8X,lifetime
Ever-BY4H-UA95-XEX7,lifetime
Ever-3XKH-XX5U-F5U3,lifetime
Ever-KK7P-89CZ-W88B,lifetime
Ever-QTPS-9ZM5-DS4B,lifetime
Ever-L2T7-YSXP-6PUH,lifetime
Ever-VYRG-8UXT-9LVM,lifetime
Ever-7RSL-XJYD-NL8A,lifetime
Ever-4N42-9VPD-54C2,lifetime
Ever-6DLA-FERJ-WTXY,lifetime
Ever-EZTV-Z57H-TSJG,lifetime
Ever-4BWM-9RR4-UYPA,lifetime
Ever-JY27-2QPH-QF6F,lifetime
Ever-RKSU-RRDA-682R,lifetime
Ever-V6VM-G8DA-EGAL,lifetime
Ever-8682-JFSW-CHN4,lifetime
Ever-LCP4-T4TM-KPWQ,lifetime
Ever-B4ZZ-CLAS-P3QY,lifetime
Ever-63DU-BRFX-T4XC,lifetime
Ever-PGM6-VLSF-W9PD,lifetime
Ever-9VX7-SWRC-KA9B,lifetime
Ever-EDTY-QDX6-8ZXT,lifetime
Ever-S2B8-XDWR-4BYF,lifetime
Ever-5JY3-7WEF-P3ZD,lifetime
Ever-V7SS-TFNY-Q3HW,lifetime
Ever-6NXY-WA48-C5FT,lifetime
Ever-S6ZV-RBVY-Z2XW,lifetime
Ever-2D3W-DQLJ-835K,lifetime
Ever-33EG-N2HM-5Q2X,lifetime
Ever-3JEY-QUQ9-TZG5,lifetime
Ever-CL58-6XL7-B3EX,lifetime
Ever-34KG-GNY3-WL28,lifetime
Ever-8M5G-AH45-7N3D,lifetime
Ever-3FKT-LFQF-PC3W,lifetime
Ever-X79Z-728A-9XEA,lifetime
Ever-CSNA-DG5J-R7M3,lifetime
Ever-LY5W-YQ6T-9XHG,lifetime
Ever-JLBH-4H54-72EL,lifetime
Ever-BVV6-KGQB-KZYV,lifetime
Ever-ZGYY-K9NA-UKV8,lifetime
Ever-RDHY-KT8C-2TWM,lifetime
Ever-FX45-HQRR-HXWJ,lifetime
Ever-8J4C-5V7Y-6QCF,lifetime
Ever-4FLH-ZQDK-NUD6,lifetime
Ever-S4F8-X82P-N92N,lifetime
Ever-JVXN-5M4G-2EZ8,lifetime